Métier;Secteur;Nombre d'enregistrements;RIASEC Maj;RIASEC min;
Accastilleur, agent de maintenance en marine de plaisance;Transport, Logistique;2;R;c;
Accessoiriste;Audiovisuel, Cinéma;2;A;R;
Acheteur;Commerce, Vente, Distribution;31;C;E;
Acheteur d'espaces publicitaires;Communication, Médias;5;E;A;
Acheteur habillement;Commerce, Vente, Distribution;3;C;E;
Acheteur industriel;Commerce, Vente, Distribution;11;C;E;
Acheteur public;Fonction publique;3;C;E;
Acousticien;Bâtiment, Travaux publics, Architecture;8;R;C;
Actuaire;Banque, Assurance, Finance;14;C;I;
Adjoint de Sécurité;Défense, Sécurité;4;C;R;
Administrateur de biens;Immobilier;5;E;C;
Administrateur de la fonction publique;Fonction publique;10;E;C;
Administrateur de mission;Humanitaire;2;C;E;
Administrateur judiciaire;Droit, Justice;1;C;E;
Administrateur systèmes et réseaux;Informatique, Digital, Télécom;8;I;C;
Agenceur d'intérieur;Bâtiment, Travaux publics, Architecture;6;A;R;
Agencier;Journalisme;1;A;I;
Agent commercial;Commerce, Vente, Distribution;3;C;E;Dépend du produit vendu
Agent commercial en vins et spiritueux;Commerce, Vente, Distribution;3;C;E;
Agent d'entretien et de nettoyage urbain;Environnement, Eau, Nature, Propreté;1;C;E;
Agent d'escale;Aérien, Aéronautique et Aéroportuaire;6;C;S;
Agent d'exploitation des équipements audiovisuels;Audiovisuel, Cinéma;2;A;R;
Agent de comptoir;Tourisme, Loisirs;13;C;S;
Agent de contrôle de transport urbain;Transport, Logistique;1;C;S;
Agent de médiation;Défense, Sécurité;4;S;C;
Agent de prévention et de sécurité;Défense, Sécurité;2;C;R;
Agent de production;Industrie, Maintenance, Energie;1;R;C;
Agent de propreté et d'hygiène;Environnement, Eau, Nature, Propreté;2;R;C;
Agent de renseignement opérationnel;Défense, Sécurité;2;I;R;
Agent de service hospitalier;Services à la personne, Entretien;2;R;C;
Agent de stérilisation;Paramédical;5;R;C;
Agent des réseaux d'eau potable;Environnement, Eau, Nature, Propreté;1;R;C;
Agent général d'assurance;Banque, Assurance, Finance;7;C;E;
Agent immobilier;Immobilier;11;E;C;
Agent spécialisé petite enfance;Services à la personne, Entretien;2;S;R;
Agent sportif;Sport, Animation;1;E;A;
Agent territorial spécialisé des écoles maternelles;Enseignement, Formation;10;S;R;
Aide médico-psychologique;Paramédical;3;S;I;
Aide-soignant;Paramédical;13;S;I;
Ambulancier;Transport, Logistique;2;S;I;
Analyste en fusion-acquisition;Banque, Assurance, Finance;4;E;I;
Analyste financier;Banque, Assurance, Finance;7;E;I;
Analyste fonctionnel;Informatique, Digital, Télécom;3;I;R;
Anesthésiste-réanimateur;Médical;3;I;S;
Animateur 2D/3D;Design, Graphisme, Multimédia;2;A;R;
Animateur de club de vacances;Tourisme, Loisirs;3;S;E;
Animateur de réseau de parrainage;Social, Vie associative;4;;;
Animateur du patrimoine;Culture, Patrimoine;2;;;
Animateur enfant;Sport, Animation;4;;;
Animateur socioculturel;Social, Vie associative;25;S;A;
Animateur sportif;Sport, Animation;4;;;
Approvisionneur;Commerce, Vente, Distribution;1;;;
Aquaculteur;Agriculture, Elevage, Pêche;4;;;
Archéologue;Sciences Humaines et Sociales;3;I;A;
Architecte;Bâtiment, Travaux publics, Architecture;13;R;E;
Architecte d'intérieur;Bâtiment, Travaux publics, Architecture;4;;;
Architecte de système d'information;Informatique, Digital, Télécom;15;I;C;
Archiviste;Edition, Bibliothèque, Livre;3;;;
Aromaticien;Agroalimentaire, Industrie agroalimentaire;5;;;
Artificier;Spectacle, Métiers de la scène;1;;;
Artiste de cirque;Spectacle, Métiers de la scène;2;;;
Artiste peintre;Artisanat d'art;1;;;
Artiste plasticien;Artisanat d'art;2;;;
Assistant administratif / Secrétaire;Secrétariat, Accueil;31;C;S;
Assistant administratif bancaire;Banque, Assurance, Finance;3;;;
Assistant administration du personnel et paie;Ressources Humaines;5;;;
Assistant Chef de Produit International;Agroalimentaire, Industrie agroalimentaire;1;;;
Assistant Chef de Projet SEO/SEA;Informatique, Digital, Télécom;1;;;
Assistant commercial;Commerce, Vente, Distribution;23;C;E;
Assistant de communication;Communication, Médias;7;;;
Assistant de gestion PME/PMI;Audit, Comptabilité, Gestion;5;;;
Assistant de gestion PME/PMI (Alternance);Ressources Humaines;1;;;
Assistant de production;Audiovisuel, Cinéma;3;;;
Assistant de service social;Social, Vie associative;23;S;C;
Assistant dentaire;Paramédical;1;;;
Assistant des ressources humaines;Secrétariat, Accueil;40;C;S;
Assistant export;Commerce, Vente, Distribution;2;;;
Assistant informatique et internet à domicile;Informatique, Digital, Télécom;2;;;
Assistant ingénieur / de recherche;Sciences, Maths, Physique, Recherche;3;;;
Assistant maîtrise d'ouvrage;Bâtiment, Travaux publics, Architecture;2;;;
Assistant Manager / de Direction;Secrétariat, Accueil;29;C;S;
Assistant marketing;Marketing, E-commerce, Publicité;8;;;
Assistant Marketing Digital;Marketing, E-commerce, Publicité;5;E;C;
Assistant maternel;Services à la personne, Entretien;7;S;R;
Assistant parlementaire;Droit, Justice;2;C;E;
Assistant pédagogique;Enseignement, Formation;1;S;C;
Assistant réalisateur;Audiovisuel, Cinéma;2;A;C;
Assistant trilingue;Secrétariat, Accueil;3;;;
Astronaute;Aérien, Aéronautique et Aéroportuaire;1;;;Il n'existe pas de code RIASEC pour Astronaute. Un astronaute est avant cela un pilote d'avion, un ingénieur, un chercheur en nano-sciences, etc … qui est selectionné par l'agence spatiale européenne pour une mission spatiale. Il y a donc autant de code RIASEC qu'il n'ya de métier
Astrophysicien;Sciences, Maths, Physique, Recherche;3;I;C;
Attaché commercial;Commerce, Vente, Distribution;5;;;
Attaché de la fonction publique;Fonction publique;10;E;C;
Attaché de presse;Communication, Médias;8;;;
Attaché de recherche clinique;Biologie, Chimie, Pharmacie;5;;;
Attaché territorial;Fonction publique;16;E;C;
Auditeur à la cour des comptes;Fonction publique;1;;;
Auditeur financier;Audit, Comptabilité, Gestion;19;C;I;
Auditeur interne;Audit, Comptabilité, Gestion;3;;;
Auditeur spécialisé;Audit, Comptabilité, Gestion;6;;;
Auteur;Edition, Bibliothèque, Livre;1;;;
Automaticien;Sciences, Maths, Physique, Recherche;2;;;
Auxiliaire de puériculture;Paramédical;6;;;
Auxiliaire de vie scolaire;Enseignement, Formation;2;;;
Auxiliaire de vie sociale;Services à la personne, Entretien;6;;;
Auxiliaire vétérinaire;Animaux;2;;;
Avocat;Droit, Justice;41;C;S;
Banquier du commerce international;Banque, Assurance, Finance;4;;;
Barman / Barmaid;Hôtellerie - Restauration;4;;;
Bibliothécaire;Edition, Bibliothèque, Livre;2;;;
Bijoutier - Joallier;Artisanat d'art;6;;;
Bio-informaticien;Informatique, Digital, Télécom;2;;;
Blogueur;Journalisme;1;;;
Boucher;Artisanat, Commerce de détail;4;;;
Boulanger;Artisanat, Commerce de détail;8;;;
Bûcheron-Elagueur;Environnement, Eau, Nature, Propreté;1;;;
Business analyst;Commerce, Vente, Distribution;4;;;
Business Manager;Commerce, Vente, Distribution;1;;;
Cacheur d'Oeufs;Transport, Logistique;1;;;
Cadet de la République;Défense, Sécurité;3;;;
Cadre de santé;Paramédical;3;;;
Cadreur;Audiovisuel, Cinéma;1;;;
Canalisateur;Bâtiment, Travaux publics, Architecture;1;;;
Carreleur;Bâtiment, Travaux publics, Architecture;2;;;
Carrossier;Automobile;2;;;
Cartographe;Sciences, Maths, Physique, Recherche;1;;;
Cascadeur;Audiovisuel, Cinéma;2;;;
Cavalier;Sport, Animation;3;;;
Caviste;Artisanat, Commerce de détail;3;;;
Céramiste;Artisanat d'art;3;;;
Cessionnaire des droits de traduction;Edition, Bibliothèque, Livre;2;;;
Chanteur;Spectacle, Métiers de la scène;1;A;S;
Charcutier-Traiteur;Artisanat, Commerce de détail;1;;;
Chargé d'affaires BTP;Bâtiment, Travaux publics, Architecture;10;R;C;
Chargé d'études économiques;Direction générale, Stratégie, Conseil, Organisation;2;;;
Chargé d'études marketing;Marketing, E-commerce, Publicité;14;I;C;
Chargé d'études publiques;Fonction publique;3;;;
Chargé d'études ressources humaines;Ressources Humaines;16;I;E;
Chargé d'orientation et d'insertion professionnelle;Enseignement, Formation;35;S;E;
Chargé de clientèle;Banque, Assurance, Finance;12;E;C;EC dans la banque et CE dans l’assurance
Chargé de clientèle entreprises;Banque, Assurance, Finance;5;;;
Chargé de communication;Communication, Médias;70;C;E;
Chargé de communication digitale;Communication, Médias;1;;;
Chargé de communication et marketing RH - Marque employeur;Banque, Assurance, Finance;1;;;
Chargé de Compte;Commerce, Vente, Distribution;5;;;
Chargé de développement en Ressources Humaines;Ressources Humaines;5;;;
Chargé de développement local;Social, Vie associative;17;E;S;
Chargé de formation - RH;Ressources Humaines;14;S;E;
Chargé de fournisseurs;Commerce, Vente, Distribution;2;;;
Chargé de marketing direct;Marketing, E-commerce, Publicité;3;;;
Chargé de mission;Fonction publique;6;;;
Chargé de mission développement économique;Fonction publique;14;E;S;
Chargé de mission Egalité des chances;Social, Vie associative;2;;;
Chargé de mission emploi;Ressources Humaines;8;;;
Chargé de mission handicap;Ressources Humaines;3;;;
Chargé de mission microfinance;Banque, Assurance, Finance;6;;;
Chargé de mission patrimoine culturel;Culture, Patrimoine;2;;;
Chargé de mission patrimoine naturel;Environnement, Eau, Nature, Propreté;1;;;
Chargé de mission Qualité;Direction générale, Stratégie, Conseil, Organisation;2;;;
Chargé de Partenariats;Communication, Médias;12;E;C;
Chargé de production;Audiovisuel, Cinéma;3;;;
Chargé de projets Jeunesse;Social, Vie associative;7;;;
Chargé de projets Marketing;Marketing, E-commerce, Publicité;9;E;C;
Chargé de promotion;Marketing, E-commerce, Publicité;1;;;
Chargé de recouvrement;Audit, Comptabilité, Gestion;8;;;
Chargé de Relations Ecoles;Ressources Humaines;8;;;
Chargé de relations presse;Communication, Médias;3;;;
Chargé de relations publiques;Communication, Médias;5;;;
Chargé des Relations Entreprises;Enseignement, Formation;20;E;C;
Chargé du protocole;Fonction publique;1;;;
Chargé du recrutement;Ressources Humaines;94;E;C;
Charpentier;Bâtiment, Travaux publics, Architecture;2;;;
Charpentier métallique;Bâtiment, Travaux publics, Architecture;1;;;
Chasseur de têtes;Ressources Humaines;11;E;C;
Chaudronnier;Industrie, Maintenance, Energie;4;;;
Chauffagiste - Installateur thermique;Bâtiment, Travaux publics, Architecture;3;;;
Chauffeur de taxi;Transport, Logistique;1;;;
Chauffeur VTC;Transport, Logistique;2;;;
Chef avion / Agent de trafic;Aérien, Aéronautique et Aéroportuaire;1;;;
Chef d'agence de transport;Transport, Logistique;3;;;
Chef d'atelier des industries graphiques;Edition, Bibliothèque, Livre;1;;;
Chef d'équipe - Bâtiment;Bâtiment, Travaux publics, Architecture;2;;;
Chef d'orchestre;Spectacle, Métiers de la scène;1;A;S;
Chef de chantier;Bâtiment, Travaux publics, Architecture;7;;;
Chef de cuisine;Hôtellerie - Restauration;3;;;
Chef de fabrication;Edition, Bibliothèque, Livre;1;;;
Chef de mission;Humanitaire;1;;;
Chef de produit;Marketing, E-commerce, Publicité;18;E;C;
Chef de produit touristique;Tourisme, Loisirs;8;;;
Chef de projet Apprentissage;Enseignement, Formation;2;;;
Chef de projet déploiement fibre optique;Informatique, Digital, Télécom;1;;;
Chef de projet en Gestion Prévisionnelle des Emplois et Compétences;Ressources Humaines;1;;;
Chef de Projet Expérience Client;Commerce, Vente, Distribution;3;;;
Chef de projet informatique;Informatique, Digital, Télécom;62;E;C;
Chef de projet maîtrise d'ouvrage des systèmes d'information;Informatique, Digital, Télécom;18;I;C;
Chef de projet Organisation;Direction générale, Stratégie, Conseil, Organisation;19;E;C;
Chef de projet Politique de la ville;Fonction publique;2;;;
Chef de projet Web;Informatique, Digital, Télécom;16;E;C;
Chef de projets européens;Fonction publique;3;;;
Chef de projets industriels;Industrie, Maintenance, Energie;12;E;I;
Chef de projets numériques - Edition;Edition, Bibliothèque, Livre;2;;;
Chef de publicité;Marketing, E-commerce, Publicité;5;;;
Chef de rayon / Manager commercial;Commerce, Vente, Distribution;5;;;
Chef de Réception;Hôtellerie - Restauration;1;;;
Chef de secteur;Commerce, Vente, Distribution;4;;;
Chef de service;Fonction publique;4;;;
Chercheur;Sciences, Maths, Physique, Recherche;23;I;E;
Chirurgien;Médical;6;;;
Chirurgien-dentiste;Médical;4;;;
Chocolatier-confiseur;Artisanat, Commerce de détail;1;;;
Clerc de notaire;Droit, Justice;1;;;
Coach;Ressources Humaines;59;S;I;
Cofondatrice de la marque Les Petites Françaises;Agroalimentaire, Industrie agroalimentaire;1;;;
Coiffeur;Soins esthétiques, Coiffure;18;R;A;
Collecteur de fonds;Social, Vie associative;3;;;
Collégienne;Commerce, Vente, Distribution;1;;;
Comédien;Audiovisuel, Cinéma;4;;;
Comédien-Formateur;Enseignement, Formation;1;;;
Commercial / Business Developer;Commerce, Vente, Distribution;93;E;C;
Commis de cuisine;Hôtellerie - Restauration;3;;;
Commissaire aux comptes;Audit, Comptabilité, Gestion;5;;;
Commissaire dans les armées;Défense, Sécurité;1;;;
Commissaire de police;Défense, Sécurité;2;;;
Community manager;Communication, Médias;26;C;I;
Comptable;Audit, Comptabilité, Gestion;21;C;E;
Concepteur de jeux vidéos / Game designer;Informatique, Digital, Télécom;1;;;
Concepteur multimédia;Design, Graphisme, Multimédia;7;;;
Concepteur Web;Informatique, Digital, Télécom;13;A;E;
Concepteur-rédacteur;Communication, Médias;3;;;
Conducteur d'autobus;Transport, Logistique;3;;;
Conducteur d'engins de chantier;Bâtiment, Travaux publics, Architecture;1;;;
Conducteur de ligne de production;Industrie, Maintenance, Energie;2;;;
Conducteur de machines à imprimer;Edition, Bibliothèque, Livre;1;;;
Conducteur de travaux;Bâtiment, Travaux publics, Architecture;13;C;R;
Conducteur routier;Transport, Logistique;1;R;C;
Conducteur technique;Industrie, Maintenance, Energie;1;;;
Conseiller agricole;Agriculture, Elevage, Pêche;3;C;R;
Conseiller commercial en immobilier neuf;Immobilier;1;;;
Conseiller en création d'entreprise;Direction générale, Stratégie, Conseil, Organisation;7;;;
Conseiller en développement touristique;Tourisme, Loisirs;3;;;
Conseiller en économie sociale et familiale;Social, Vie associative;12;S;C;
Conseiller en Energie Partagée;Industrie, Maintenance, Energie;1;;;
Conseiller en environnement;Environnement, Eau, Nature, Propreté;5;;;
Conseiller en insertion sociale et professionnelle;Social, Vie associative;87;S;E;
Conseiller formation - en centre de formation;Enseignement, Formation;11;S;I;
Conseiller principal d'éducation;Enseignement, Formation;4;;;
Conseiller scientifique;Biologie, Chimie, Pharmacie;3;;;
Conseiller/Accompagnateur VAE;Enseignement, Formation;2;;;
Conservateur de patrimoine;Culture, Patrimoine;1;;;
Constructeur en voirie urbaine;Bâtiment, Travaux publics, Architecture;1;;;
Consultant en Business Intelligence;Informatique, Digital, Télécom;10;E;C;
Consultant en communication;Communication, Médias;25;C;E;
Consultant en conduite du changement;Direction générale, Stratégie, Conseil, Organisation;6;;;
Consultant en développement durable;Environnement, Eau, Nature, Propreté;5;;;
Consultant en écotourisme;Tourisme, Loisirs;1;;;
Consultant en immobilier;Immobilier;4;;;
Consultant en informatique;Informatique, Digital, Télécom;56;I;C;
Consultant en ingénierie;Direction générale, Stratégie, Conseil, Organisation;11;E;C;
Consultant en management des organisations;Direction générale, Stratégie, Conseil, Organisation;44;E;C;
Consultant en marketing;Marketing, E-commerce, Publicité;11;E;C;
Consultant en mobilité professionnelle / Outplacer;Ressources Humaines;17;E;C;
Consultant en orientation scolaire;Enseignement, Formation;2;;;
Consultant en Performance Commerciale;Direction générale, Stratégie, Conseil, Organisation;1;;;
Consultant en Performance Industrielle;Industrie, Maintenance, Energie;1;;;
Consultant en Ressources Humaines;Ressources Humaines;63;E;C;
Consultant en stratégie;Direction générale, Stratégie, Conseil, Organisation;39;E;C;
Consultant en transformation digitale;Direction générale, Stratégie, Conseil, Organisation;13;E;C;
Consultant immobilier d'entreprise;Immobilier;1;;;
Consultant Logistique;Transport, Logistique;2;;;
Contrôleur aérien;Aérien, Aéronautique et Aéroportuaire;6;;;
Contrôleur de gestion;Audit, Comptabilité, Gestion;16;E;C;
Contrôleur de gestion sociale;Ressources Humaines;1;;;
Contrôleur de projet;Industrie, Maintenance, Energie;1;;;
Contrôleur de train;Transport, Logistique;1;;;
Coordinateur commercial;Bâtiment, Travaux publics, Architecture;1;;;
Coordinateur d'un espace de créativité;Direction générale, Stratégie, Conseil, Organisation;1;;;
Coordinateur de l'Animation;Direction générale, Stratégie, Conseil, Organisation;1;;;
Coordinateur de programme / de projet;Direction générale, Stratégie, Conseil, Organisation;36;C;;le RIASEC mineur dépend de la nature du projet
Coordinateur essais cliniques;Biologie, Chimie, Pharmacie;1;;;
Cordiste;Bâtiment, Travaux publics, Architecture;2;;;
Cordonnier-bottier;Artisanat, Commerce de détail;2;;;
Courtier;Banque, Assurance, Finance;8;;;
Couvreur;Bâtiment, Travaux publics, Architecture;3;;;
Créateur de parfum;Biologie, Chimie, Pharmacie;1;;;
Credit manager;Audit, Comptabilité, Gestion;2;;;
Cuisinier;Hôtellerie - Restauration;8;;;
Danseur;Spectacle, Métiers de la scène;1;A;R;
Data scientist;Informatique, Digital, Télécom;6;;;
Décorateur;Bâtiment, Travaux publics, Architecture;1;;;
Délégué Général de fondation / association;Social, Vie associative;20;E;C;
Délégué Régional;Direction générale, Stratégie, Conseil, Organisation;1;;;
Délégué Territorial;Direction générale, Stratégie, Conseil, Organisation;1;;;
Dénicheur de talents;Audiovisuel, Cinéma;1;;;
Dépanneur remorqueur;Transport, Logistique;1;;;
Dermatologue;Médical;1;;;
Designer industriel;Design, Graphisme, Multimédia;4;;;
Designer produit;Design, Graphisme, Multimédia;4;;;
Designer textile;Mode, Luxe, Industrie textile;5;;;
Dessinateur - Projeteur en bâtiment;Bâtiment, Travaux publics, Architecture;3;;;
Dessinateur industriel;Industrie, Maintenance, Energie;1;;;
Détective privé;Défense, Sécurité;1;;;
Développeur;Informatique, Digital, Télécom;44;I;R;
Développeur foncier;Immobilier;4;;;
Développeur Mobile;Informatique, Digital, Télécom;2;;;
Diététicien;Paramédical;4;;;
Digital Account Manager;Marketing, E-commerce, Publicité;3;;;
Directeur / Ingénieur de travaux;Bâtiment, Travaux publics, Architecture;11;C;R;
Directeur / responsable commercial;Commerce, Vente, Distribution;59;E;C;
Directeur / responsable de la communication;Communication, Médias;61;C;E;
Directeur / Responsable du marketing;Marketing, E-commerce, Publicité;61;E;C;
Directeur / Responsable pédagogique;Enseignement, Formation;20;C;S;
Directeur administratif et financier;Audit, Comptabilité, Gestion;23;E;C;
Directeur artistique;Marketing, E-commerce, Publicité;11;A;E;
Directeur comptable;Audit, Comptabilité, Gestion;2;;;
Directeur d'agence bancaire;Banque, Assurance, Finance;6;;;
Directeur d'agence d'intérim;Ressources Humaines;4;;;
Directeur d'agence événementielle;Communication, Médias;3;E;C;
Directeur d'agence réceptive touristique;Tourisme, Loisirs;2;;;
Directeur d'école, Principal, Proviseur;Enseignement, Formation;12;C;S;
Directeur d'équipement sportif;Sport, Animation;2;E;R;
Directeur d'établissement médical;Médical;3;;;
Directeur d'hôtel;Hôtellerie - Restauration;5;E;C;
Directeur d'office de tourisme;Tourisme, Loisirs;3;;;
Directeur de centre de formation;Enseignement, Formation;22;C;S;
Directeur de centre de profit;Direction générale, Stratégie, Conseil, Organisation;11;E;C;
Directeur de clientèle, consultant;Marketing, E-commerce, Publicité;20;E;C;
Directeur de collection / de publication;Edition, Bibliothèque, Livre;2;;;
Directeur de coopérative;Agriculture, Elevage, Pêche;1;;;
Directeur de création;Marketing, E-commerce, Publicité;9;A;E;
Directeur de la photographie;Audiovisuel, Cinéma;3;;;
Directeur de la stratégie;Direction générale, Stratégie, Conseil, Organisation;3;;;
Directeur de Laboratoire de Recherche;Sciences, Maths, Physique, Recherche;1;;;
Directeur de magasin;Commerce, Vente, Distribution;5;;;
Directeur de médiathèque;Edition, Bibliothèque, Livre;1;;;
Directeur de programme immobilier;Immobilier;5;;;
Directeur de recherche;Sciences, Maths, Physique, Recherche;1;;;
Directeur de restaurant;Hôtellerie - Restauration;14;E;C;
Directeur de secteur bancaire;Banque, Assurance, Finance;3;;;
Directeur de site industriel;Industrie, Maintenance, Energie;8;;;
Directeur de structure culturelle;Culture, Patrimoine;1;;;
Directeur de structure sociale;Social, Vie associative;16;E;S;
Directeur de village vacances / camping;Tourisme, Loisirs;7;E;R;
Directeur Délégué aux Formations Professionnelles et Technologiques;Enseignement, Formation;4;;;
Directeur des ressources humaines;Ressources Humaines;33;E;C;
Directeur digital;Communication, Médias;3;;;
Directeur du développement des ressources humaines;Ressources Humaines;11;E;C;
Directeur général d'une ONG;Humanitaire;3;;;
Directeur informatique;Informatique, Digital, Télécom;25;E;C;
Directeur Intelligence Artificielle;Informatique, Digital, Télécom;1;;;
Directeur juridique;Droit, Justice;4;;;
Directeur logistique;Transport, Logistique;9;C;E;
Directeur Multicanal;Marketing, E-commerce, Publicité;1;;;
Directeur régional;Commerce, Vente, Distribution;8;;;
Directeur Stratégie Analytics;Informatique, Digital, Télécom;1;;;
Directeur technique;Direction générale, Stratégie, Conseil, Organisation;4;;;
Doctorant;Biologie, Chimie, Pharmacie;1;;;
Documentaliste;Edition, Bibliothèque, Livre;10;C;E;
Domoticien;Bâtiment, Travaux publics, Architecture;2;;;
Douanier;Défense, Sécurité;2;;;
E-commerçant;Marketing, E-commerce, Publicité;3;;;
Economiste de la construction;Bâtiment, Travaux publics, Architecture;3;;;
Editeur musical;Audiovisuel, Cinéma;1;;;
Educateur canin et félin;Animaux;6;;;
Educateur de jeunes enfants;Social, Vie associative;9;S;I;
Educateur de la protection judiciaire de la jeunesse;Social, Vie associative;3;;;
Educateur spécialisé;Social, Vie associative;27;S;I;
Educateur technique spécialisé;Social, Vie associative;1;;;
Education;Psychologie;1;;;
Electricien;Bâtiment, Travaux publics, Architecture;7;R;C;
Electronicien;Industrie, Maintenance, Energie;8;R;C;
Eleveur;Agriculture, Elevage, Pêche;4;;;
Employé à domicile;Services à la personne, Entretien;4;;;
Employé de libre service;Commerce, Vente, Distribution;2;;;
Encadreur;Artisanat d'art;1;;;
Enquêteur judiciaire;Défense, Sécurité;2;;;
Enseignant de Yoga;Sport, Animation;2;;;
Enseignant-chercheur;Sciences, Maths, Physique, Recherche;26;S;I;
Entraîneur;Sport, Animation;3;;;
Entrepreneur;Direction générale, Stratégie, Conseil, Organisation;39;E;;le RIASEC mineur dépend du type d’entreprise
Entrepreneur social;Social, Vie associative;23;E;S;
Equicien;Animaux;1;;;
Ergonome;Industrie, Maintenance, Energie;1;;;
Ergonome web;Informatique, Digital, Télécom;1;;;
Ergothérapeute;Paramédical;2;;;
Esthéticien-cosméticien;Soins esthétiques, Coiffure;9;R;S;
Ethnologue;Sciences Humaines et Sociales;1;;;
Expert automobile;Banque, Assurance, Finance;3;;;
Expert comptable;Audit, Comptabilité, Gestion;17;C;I;
Expert d'assurances;Banque, Assurance, Finance;1;;;
Expert immobilier;Immobilier;2;;;
Exploitant agricole;Agriculture, Elevage, Pêche;3;;;
Exploitant d'équipement de loisirs;Sport, Animation;2;;;
Facteur;Transport, Logistique;2;;;
Fiscaliste;Droit, Justice;5;;;
Fleuriste;Artisanat, Commerce de détail;4;;;
Fonctionnaire européen-international;Fonction publique;3;;;
Fondateur;Artisanat, Commerce de détail;1;;;
Formateur;Ressources Humaines;72;S;E;
Formateur en activités physiques et professionnelles (APP);Défense, Sécurité;1;;;
Formateur en apprentissage;Enseignement, Formation;14;S;E;
Formateur maintenance aéronautique;Aérien, Aéronautique et Aéroportuaire;1;;;
Formateur multimédia;Enseignement, Formation;5;;;
Formulateur en cosmétique;Biologie, Chimie, Pharmacie;2;;;
Frigoriste;Agroalimentaire, Industrie agroalimentaire;1;R;C;
Galeriste;Culture, Patrimoine;1;;;
Gantier;Artisanat, Commerce de détail;1;;;
Garde d'enfant;Services à la personne, Entretien;4;;;
Garde-chasse / Garde-Pêche;Environnement, Eau, Nature, Propreté;1;;;
Gardien de la paix;Défense, Sécurité;5;;;
Gastroenterologue;Médical;2;;;
Gendarme;Défense, Sécurité;3;C;R;
Géologue;Sciences, Maths, Physique, Recherche;1;;;
Géomaticien;Sciences Humaines et Sociales;4;;;
Géomètre Expert;Bâtiment, Travaux publics, Architecture;1;;;
Géomètre topographe;Bâtiment, Travaux publics, Architecture;2;R;C;
Gérant;Commerce, Vente, Distribution;51;E;S;Gérant de quoi ? 80 appellations différentes de gérants
Gérant d'hôtel;Hôtellerie - Restauration;1;;;
Gérant de restauration collective;Hôtellerie - Restauration;2;;;
Gériatre;Médical;2;;;
Gestionnaire d'actifs / de portefeuille;Banque, Assurance, Finance;1;;;
Gestionnaire d'actifs immobiliers;Immobilier;3;;;
Gestionnaire d'antenne;Audiovisuel, Cinéma;2;;;
Gestionnaire d'information voyageur;Transport, Logistique;1;;;
Gestionnaire de carrières;Ressources Humaines;16;E;C;
Gestionnaire de cas;Social, Vie associative;1;;;
Gestionnaire de contrat d'assurance;Banque, Assurance, Finance;5;;;
Gestionnaire de patrimoine;Banque, Assurance, Finance;7;;;
Gestionnaire de sinistres;Banque, Assurance, Finance;1;;;
Gestionnaire de stocks;Transport, Logistique;4;;;
Gestionnaire du réseau de distribution publique d'électricité;Industrie, Maintenance, Energie;1;;;
Gestionnaire social;Immobilier;1;;;
Graphiste;Design, Graphisme, Multimédia;18;A;R;
Graphothérapeute;Paramédical;1;;;
Greffier;Droit, Justice;1;;;
Growth Hacker;Marketing, E-commerce, Publicité;1;;;
Grutier;Bâtiment, Travaux publics, Architecture;1;;;
Guide interprète;Langues;2;;;
Guide-accompagnateur;Tourisme, Loisirs;1;;;
Guide-conférencier;Tourisme, Loisirs;4;;;
Gynécologue-obstétricien;Médical;2;;;
Historien;Sciences Humaines et Sociales;2;;;
Horticulteur;Agriculture, Elevage, Pêche;1;;;
Hôte d'accueil;Secrétariat, Accueil;9;C;S;
Hôte de caisse;Commerce, Vente, Distribution;4;;;
Hôtesse de l'air / Stewart;Aérien, Aéronautique et Aéroportuaire;13;I;R;
Hotliner;Informatique, Digital, Télécom;2;;;
Huissier de justice;Droit, Justice;1;;;
Hydraulicien;Environnement, Eau, Nature, Propreté;2;;;
Hydrobiologiste;Environnement, Eau, Nature, Propreté;1;;;
Illustrateur;Design, Graphisme, Multimédia;2;;;
Industriel;Industrie, Maintenance, Energie;1;;;
Infirmier;Paramédical;59;S;I;
Infirmier anesthésiste;Paramédical;3;;;
Infirmier Puériculteur;Paramédical;4;;;
Infographiste 2D/3D;Design, Graphisme, Multimédia;3;;;
Informateur jeunesse;Social, Vie associative;3;;;
Informatrice jeunesse;Social, Vie associative;1;;;
Ingénieur aéronautique;Aérien, Aéronautique et Aéroportuaire;22;E;I;
Ingénieur agronome;Agriculture, Elevage, Pêche;4;;;
Ingénieur biologiste;Biologie, Chimie, Pharmacie;2;;;
Ingénieur chimiste;Biologie, Chimie, Pharmacie;9;E;I;
Ingénieur d'études - Automobile;Automobile;4;;;
Ingénieur d'études des milieux naturels;Environnement, Eau, Nature, Propreté;2;;;
Ingénieur d'études et de fabrications;Défense, Sécurité;8;;;
Ingénieur de production;Industrie, Maintenance, Energie;5;;;
Ingénieur de recherche;Sciences, Maths, Physique, Recherche;4;;;
Ingénieur du génie civil;Bâtiment, Travaux publics, Architecture;6;;;
Ingénieur du génie rural des eaux et forêts;Environnement, Eau, Nature, Propreté;1;;;
Ingénieur du son;, Métiers de la scène;3;;;
Ingénieur du végétal;Environnement, Eau, Nature, Propreté;1;;;
Ingénieur en agroalimentaire;Agroalimentaire, Industrie agroalimentaire;2;;;
Ingénieur en environnement;Environnement, Eau, Nature, Propreté;7;;;
Ingénieur en informatique scientifique;Informatique, Digital, Télécom;8;;;
Ingénieur en mécanique;Industrie, Maintenance, Energie;3;;;
Ingénieur en sciences des matériaux;Industrie, Maintenance, Energie;1;;;
Ingénieur énergie;Industrie, Maintenance, Energie;9;R;E;
Ingénieur Exploitation;Industrie, Maintenance, Energie;2;;;
Ingénieur Forage;Industrie, Maintenance, Energie;4;;;
Ingénieur hydrologue;Environnement, Eau, Nature, Propreté;1;;;
Ingénieur logiciel;Informatique, Digital, Télécom;7;;;
Ingénieur logistique;Transport, Logistique;2;;;
Ingénieur méthodes;Industrie, Maintenance, Energie;2;;;
Ingénieur Packaging;Design, Graphisme, Multimédia;1;;;
Ingénieur pédagogique;Enseignement, Formation;9;S;I;
Ingénieur plasturgiste;Industrie, Maintenance, Energie;1;;;
Ingénieur prévention des risques;Banque, Assurance, Finance;6;;;
Ingénieur Procédés;Biologie, Chimie, Pharmacie;3;;;
Ingénieur produit;Industrie, Maintenance, Energie;1;;;
Ingénieur Qualité;Industrie, Maintenance, Energie;9;I;R;
Ingénieur R & D;Industrie, Maintenance, Energie;10;E;I;
Ingénieur réseaux;Informatique, Digital, Télécom;12;I;C;
Ingénieur sécurité;Informatique, Digital, Télécom;4;;;
Ingénieur sécurité sanitaire;Agroalimentaire, Industrie agroalimentaire;1;;;
Ingénieur Système;Informatique, Digital, Télécom;1;;;
Ingénieur technico-commercial;Commerce, Vente, Distribution;19;E;C;
Ingénieur Télécoms;Informatique, Digital, Télécom;8;;;
Ingénieur textile;Mode, Luxe, Industrie textile;2;;;
Inspecteur des impôts;Fonction publique;2;;;
Inspecteur du travail;Fonction publique;1;C;E;
Instrumentiste;Industrie, Maintenance, Energie;1;;;
Interprète;Langues;2;A;E;
Jardinier;Environnement, Eau, Nature, Propreté;1;R;C;
Journaliste d'entreprise;Journalisme;1;A;I;
Journaliste presse écrite;Journalisme;10;A;I;
Journaliste radio, TV;Journalisme;13;A;I;
Journaliste reporter d'images;Journalisme;3;A;I;
Journaliste sportif;Journalisme;2;A;I;
Journaliste web;Journalisme;4;A;I;
Juriste d'entreprise;Droit, Justice;21;C;S;
Juriste social;Ressources Humaines;8;;;
Lead Disrupter;Informatique, Digital, Télécom;1;;;
Libraire;Edition, Bibliothèque, Livre;4;;;
Logisticien;Transport, Logistique;8;;;
Logisticien humanitaire;Humanitaire;1;;;
Loueur de voitures;Commerce, Vente, Distribution;2;;;
Ludothécaire;Tourisme, Loisirs;1;;;
Maçon;Bâtiment, Travaux publics, Architecture;9;R;E;
Magasinier;Transport, Logistique;3;;;
Magistrat;Droit, Justice;2;;;
Maître chien;Défense, Sécurité;1;;;
Maître d'hôtel;Hôtellerie - Restauration;1;;;
Maître de conférences;Enseignement, Formation;1;;;
Maître de maison;Services à la personne, Entretien;1;;;
Manager au Médical;Biologie, Chimie, Pharmacie;2;;;
Manager d'équipe;Direction générale, Stratégie, Conseil, Organisation;2;;;
Manager de biobanque;Biologie, Chimie, Pharmacie;1;;;
Manager IT;Informatique, Digital, Télécom;5;;;
Manager Opérationnel Service Contrôle;Audit, Comptabilité, Gestion;1;;;
Mandataire judiciaire à la protection des majeurs;Social, Vie associative;1;;;
Manipulateur en électroradiologie médicale;Paramédical;1;;;
Mannequin;Mode, Luxe, Industrie textile;1;;;
Manutentionnaire cariste;Transport, Logistique;3;;;
Maquettiste de presse;Journalisme;1;;;
Maquilleur;Audiovisuel, Cinéma;2;;;
Maraîcher;Agriculture, Elevage, Pêche;1;;;
Marinier;Transport, Logistique;1;;;
Maroquinier;Artisanat, Commerce de détail;3;;;
Masseur-kinésithérapeute;Paramédical;9;S;I;
Master franchisé;Commerce, Vente, Distribution;1;;;
Mécanicien aéronautique;Aérien, Aéronautique et Aéroportuaire;3;;;
Mécanicien outilleur;Industrie, Maintenance, Energie;3;;;
Mécanicien réparateur;Automobile;7;;;
Médecin du sport;Médical;2;;;
Médecin du travail;Médical;1;;;
Médecin généraliste;Médical;3;;;
Médecin urgentiste;Médical;1;;;
Médiateur culturel;Culture, Patrimoine;5;;;
Médiateur social;Social, Vie associative;4;;;
Menuisier;Bâtiment, Travaux publics, Architecture;7;R;A;
Météorologue;Environnement, Eau, Nature, Propreté;2;I;C;
Métrologue;Sciences, Maths, Physique, Recherche;2;;;
Metteur en scène;Audiovisuel, Cinéma;1;A;E;
Militaire du rang;Défense, Sécurité;4;R;C;
Modéliste;Mode, Luxe, Industrie textile;6;R;A;
Modiste;Mode, Luxe, Industrie textile;1;;;
Moniteur d'auto-école;Automobile;3;;;
Moniteur d'équitation;Animaux;1;;;
Moniteur de sport;Sport, Animation;7;;;
Moniteur éducateur;Social, Vie associative;7;;;
Monteur;Audiovisuel, Cinéma;2;;;
Monteur-Cireur;Artisanat d'art;1;;;
Motocycliste de la police nationale;Défense, Sécurité;1;;;
Multi-Secteur Multi-service;Aérien, Aéronautique et Aéroportuaire;1;;;
Musicien;Spectacle, Métiers de la scène;1;;;
Négociateur immobilier;Immobilier;1;;;
Notaire;Droit, Justice;8;;;
Nutritionniste;Médical;1;;;
Oenologue;Agroalimentaire, Industrie agroalimentaire;8;;;
Officier de l'armée;Défense, Sécurité;5;;;
Officier de la marine marchande;Transport, Logistique;2;;;
Officier de Police;Défense, Sécurité;2;;;
Opérateur de back office;Banque, Assurance, Finance;2;;;
Opérateur de saisie;Secrétariat, Accueil;1;;;
Opérateur sur machine;Industrie, Maintenance, Energie;4;;;
Ophtalmologue;Médical;1;;;
Opticien-lunetier;Artisanat, Commerce de détail;8;;;
Organisateur de Transport;Industrie, Maintenance, Energie;1;;;
Orthophoniste;Paramédical;7;;;
Orthoptiste;Paramédical;4;;;
Ostéopathe, chiropracteur;Paramédical;5;;;
Oto-rhino-laryngologiste;Médical;1;;;
Ouvrier agricole;Agriculture, Elevage, Pêche;1;;;
Ouvrier qualifié;Bâtiment, Travaux publics, Architecture;2;;;
Pâtissier;Artisanat, Commerce de détail;7;;;
Paysagiste;Environnement, Eau, Nature, Propreté;9;R;E;
Pédiatre;Médical;2;;;
Pédicure-podologue;Paramédical;1;;;
Peintre en bâtiment;Bâtiment, Travaux publics, Architecture;8;;;
Peintre en carrosserie;Automobile;2;;;
Peintre en décors;Artisanat d'art;1;;;
Pépiniériste;Agriculture, Elevage, Pêche;1;;;
Père Noël;Transport, Logistique;2;;;
Personnel médical en mission humanitaire;Humanitaire;1;;;
Pharmacien;Biologie, Chimie, Pharmacie;17;I;S;
Pharmacien Affaires Réglementaires;Médical;1;;;
Photographe;Artisanat d'art;8;;;
Photographe de presse;Journalisme;1;;;
Pigiste;Journalisme;2;;;
Pilote d'hélicoptère;Aérien, Aéronautique et Aéroportuaire;1;;;
Pilote de ligne;Aérien, Aéronautique et Aéroportuaire;8;I;R;
Plaquiste;Bâtiment, Travaux publics, Architecture;3;;;
Plâtrier;Bâtiment, Travaux publics, Architecture;2;;;
Plombier - Installateur sanitaire;Bâtiment, Travaux publics, Architecture;2;R;E;
Policier aux frontières;Défense, Sécurité;1;C;R;
Policier chargé de protection rapprochée;Défense, Sécurité;1;C;R;
Policier chargé du relevé des traces et indices;Défense, Sécurité;2;C;R;
Policier en Brigade Anti-Criminalité (BAC);Défense, Sécurité;1;C;R;
Policier en brigade des mineurs;Défense, Sécurité;1;C;R;
Policier en brigade des stupéfiants;Défense, Sécurité;1;C;R;
Policier en brigade équestre;Défense, Sécurité;1;C;R;
Policier en brigade fluviale à Paris;Défense, Sécurité;1;C;R;
Policier en groupe d'intervention;Défense, Sécurité;1;C;R;
Policier en maintien de l'ordre;Défense, Sécurité;1;C;R;
Préparateur de commandes;Transport, Logistique;1;;;
Préparateur de recettes;Agroalimentaire, Industrie agroalimentaire;1;;;
Préparateur en pharmacie;Biologie, Chimie, Pharmacie;3;;;
Préparateur mental;Sport, Animation;1;;;
Préparateur physique;Sport, Animation;1;;;
Président, Directeur Général;Direction générale, Stratégie, Conseil, Organisation;79;E;I;
Producteur;Audiovisuel, Cinéma;6;;;
Professeur à domicile;Services à la personne, Entretien;1;;;
Professeur d'arts plastiques;Enseignement, Formation;1;;;
Professeur d'éducation musicale;Enseignement, Formation;2;;;
Professeur d'éducation physique et sportive;Sport, Animation;4;;;
Professeur d'université / du supérieur;Enseignement, Formation;7;;;
Professeur de collège et lycée;Enseignement, Formation;60;S;C;
Professeur de Français Langue Etrangère;Langues;1;;;
Professeur de langue vivante étrangère;Langues;6;;;
Professeur de lycée professionnel;Enseignement, Formation;24;S;C;
Professeur de mathématiques;Enseignement, Formation;4;;;
Professeur de Sciences de la vie et de la Terre;Enseignement, Formation;2;;;
Professeur de sciences économiques et sociales;Enseignement, Formation;1;;;
Professeur de sport;Sport, Animation;5;;;
Professeur de technologie;Enseignement, Formation;1;;;
Professeur des écoles;Enseignement, Formation;19;S;C;
Professeur documentaliste;Enseignement, Formation;5;;;
Professeur du privé;Enseignement, Formation;3;;;
Professeur en création de jeu vidéo (game design et level design) / Modélisation 3D;Design, Graphisme, Multimédia;1;;;
Programmeur technique de jeux vidéo;Informatique, Digital, Télécom;1;;;
Projectionniste;Audiovisuel, Cinéma;1;R;C;
Prothésiste dentaire;Paramédical;2;R;I;
Psychanalyste;Psychologie;3;S;I;
Psychologue;Psychologie;17;S;I;
Psychologue clinicien;Psychologie;9;S;I;
Psychologue de l'Education Nationale de la spécialité éducation, développement et apprentissages;Psychologie;1;;;
Psychologue de l'Education Nationale spécialité éducation, développement et conseil en orientation scolaire et professionnelle;Psychologie;16;S;E;
Psychologue du travail;Psychologie;28;S;E;
Psychomotricien;Paramédical;4;;;
Psychopédagogue;Psychologie;1;;;
Psychothérapeute;Psychologie;4;;;
Réalisateur;Audiovisuel, Cinéma;4;;;
Réalisateur 3D;Design, Graphisme, Multimédia;1;;;
Réceptionniste;Secrétariat, Accueil;9;C;E;
Recruteur de sportifs;Sport, Animation;1;;;
Rédacteur en chef;Journalisme;5;;;
Rédacteur territorial;Fonction publique;2;;;
Référenceur;Marketing, E-commerce, Publicité;5;;;
Référent de Parcours de Réussite Educative;Enseignement, Formation;1;;;
Réflexologue;Paramédical;3;;;
Régisseur de spectacles;Spectacle, Métiers de la scène;3;C;A;
Responsable / Chef de projet événementiel;Communication, Médias;27;E;C;
Responsable administratif;Fonction publique;10;E;C;
Responsable administration des ventes;Commerce, Vente, Distribution;3;;;
Responsable alternance;Enseignement, Formation;6;;;
Responsable base de données;Marketing, E-commerce, Publicité;28;I;C;
Responsable bureau d'études;Bâtiment, Travaux publics, Architecture;5;;;
Responsable consolidation;Audit, Comptabilité, Gestion;2;;;
Responsable contrôle et conformité;Banque, Assurance, Finance;6;;;
Responsable CRM;Marketing, E-commerce, Publicité;3;;;
Responsable d'agence;Direction générale, Stratégie, Conseil, Organisation;2;;;
Responsable d'atelier de production;Biologie, Chimie, Pharmacie;2;;;
Responsable d'édition;Edition, Bibliothèque, Livre;3;;;
Responsable d'entrepôt;Transport, Logistique;1;;;
Responsable d'études agricoles;Agriculture, Elevage, Pêche;1;;;
Responsable d'exploitation;Transport, Logistique;4;;;
Responsable d'incubateur;Direction générale, Stratégie, Conseil, Organisation;2;;;
Responsable d'ordonnancement;Industrie, Maintenance, Energie;2;;;
Responsable d'un espace de coworking;Immobilier;1;;;
Responsable de fonds d'investissement;Banque, Assurance, Finance;7;;;
Responsable de l'emploi et des compétences;Ressources Humaines;1;;;
Responsable de l'entretien;Environnement, Eau, Nature, Propreté;1;;;
Responsable de la collecte des déchets ménagers;Environnement, Eau, Nature, Propreté;1;;;
Responsable de magasin;Commerce, Vente, Distribution;15;E;C;
Responsable de paie;Ressources Humaines;8;;;
Responsable de photothèque;Culture, Patrimoine;1;;;
Responsable de production;Industrie, Maintenance, Energie;10;R;E;
Responsable de Programmes Service;Automobile;1;;;
Responsable de projet associatif;Social, Vie associative;29;E;S;
Responsable de secteur immobilier;Immobilier;1;;;
Responsable de sécurité informatique;Informatique, Digital, Télécom;4;;;
Responsable de Service Clients;Commerce, Vente, Distribution;10;E;C;
Responsable de services à domicile;Services à la personne, Entretien;11;E;S;
Responsable de station d'épuration;Environnement, Eau, Nature, Propreté;2;;;
Responsable des affaires sociales;Ressources Humaines;3;;;
Responsable des équipes de proximité;Direction générale, Stratégie, Conseil, Organisation;1;;;
Responsable des opérations;Informatique, Digital, Télécom;6;;;
Responsable des ressources humaines;Ressources Humaines;89;E;C;
Responsable des ventes;Commerce, Vente, Distribution;14;E;C;
Responsable du développement;Commerce, Vente, Distribution;27;E;C;
Responsable du merchandising;Marketing, E-commerce, Publicité;5;;;
Responsable du personnel et administration;Ressources Humaines;1;;;
Responsable exportation;Commerce, Vente, Distribution;1;;;
Responsable Formation;Ressources Humaines;53;E;C;
Responsable Informatique et de site de secours;Banque, Assurance, Finance;1;;;
Responsable Innovation / R&D;Direction générale, Stratégie, Conseil, Organisation;8;;;
Responsable maintenance;Industrie, Maintenance, Energie;6;;;
Responsable marketing digital;Transport, Logistique;1;;;
Responsable Marque Employeur;Communication, Médias;7;;;
Responsable mécénat;Direction générale, Stratégie, Conseil, Organisation;4;;;
Responsable offre digitale;Banque, Assurance, Finance;1;;;
Responsable QSE - Qualité, Sécurité, Environnement;Industrie, Maintenance, Energie;12;I;R;
Responsable Qualité alimentaire;Agroalimentaire, Industrie agroalimentaire;6;;;
Responsable Recrutement et Mobilité;Ressources Humaines;4;;;
Responsable RSE / Développement Durable;Ressources Humaines;21;E;C;
Responsable service livraison véhicules neufs;Commerce, Vente, Distribution;1;;;
Responsable SIRH;Ressources Humaines;3;;;
Responsable Supply Chain;Industrie, Maintenance, Energie;1;;;
Responsable technique humanitaire;Humanitaire;1;;;
Responsable tourisme d’affaires;Tourisme, Loisirs;5;;;
Restaurateur - Conservateur d'oeuvres d'art;Culture, Patrimoine;2;;;
Risk Manager;Banque, Assurance, Finance;4;;;
Sage-femme / Maïeuticien;Médical;6;;;
Sans;Bâtiment, Travaux publics, Architecture;1;;;
Sapeur-Pompier professionnel;Défense, Sécurité;4;;;
Sauveteur en Montagne;Défense, Sécurité;1;;;
Scénariste;Audiovisuel, Cinéma;1;;;
Secrétaire comptable;Secrétariat, Accueil;11;C;S;
Secrétaire d'édition;Edition, Bibliothèque, Livre;1;;;
Secrétaire Général;Direction générale, Stratégie, Conseil, Organisation;8;;;
Secrétaire juridique;Secrétariat, Accueil;2;;;
Secrétaire médical;Secrétariat, Accueil;8;;;
Sellier Garnisseur;Artisanat d'art;1;;;
Serrurier;Bâtiment, Travaux publics, Architecture;2;;;
Serveur;Hôtellerie - Restauration;6;;;
Sociologue;Sciences Humaines et Sociales;4;I;A;
Soigneur animalier;Animaux;1;;;
Sophrologue;Paramédical;3;;;
Sous-officier;Défense, Sécurité;2;;;
Souscripteur;Banque, Assurance, Finance;2;;;
Sportif professionnel;Sport, Animation;2;;;
Stagiaire;Social, Vie associative;1;;;
Statisticien;Sciences, Maths, Physique, Recherche;4;;;
Structureur;Banque, Assurance, Finance;1;;;
Styliste;Mode, Luxe, Industrie textile;11;A;E;
Surveillant pénitentiaire;Défense, Sécurité;1;;;
Syndic de copropriété;Immobilier;3;;;
Tatoueur;Artisanat d'art;1;;;
Technicien agricole;Agriculture, Elevage, Pêche;2;;;
Technicien chimiste;Biologie, Chimie, Pharmacie;15;I;R;
Technicien contrôle;Industrie, Maintenance, Energie;3;;;
Technicien d'analyses biomédicales;Biologie, Chimie, Pharmacie;3;;;
Technicien d'études;Industrie, Maintenance, Energie;4;;;
Technicien de fabrication - Textile;Mode, Luxe, Industrie textile;1;;;
Technicien de l'industrie pharmaceutique;Biologie, Chimie, Pharmacie;4;;;
Technicien de l'intervention sociale et familiale;Social, Vie associative;1;;;
Technicien de laboratoire;Biologie, Chimie, Pharmacie;4;;;
Technicien de maintenance;Industrie, Maintenance, Energie;16;R;C;
Technicien de maintenance informatique;Informatique, Digital, Télécom;7;;;
Technicien en Automatismes;Sciences, Maths, Physique, Recherche;1;;;
Technicien en informatique industrielle;Informatique, Digital, Télécom;3;;;
Technicien en scierie;Industrie, Maintenance, Energie;1;;;
Technicien en télécommunications;Informatique, Digital, Télécom;6;;;
Technicien en traitement des déchets;Environnement, Eau, Nature, Propreté;1;;;
Technicien exploitation;Industrie, Maintenance, Energie;1;;;
Technicien forestier;Environnement, Eau, Nature, Propreté;1;;;
Technicien gaz;Industrie, Maintenance, Energie;2;;;
Technicien protection cathodique;Industrie, Maintenance, Energie;2;;;
Technicien qualité;Industrie, Maintenance, Energie;2;;;
Technicien supérieur de l'aviation;Aérien, Aéronautique et Aéroportuaire;1;;;
Technicien thermicien;Bâtiment, Travaux publics, Architecture;4;;;
Technicien vidéo;Audiovisuel, Cinéma;1;;;
Technico-commercial;Commerce, Vente, Distribution;11;E;C;
Teinturier blanchisseur;Artisanat, Commerce de détail;1;;;
Télévendeur;Commerce, Vente, Distribution;3;;;
Toiletteur;Animaux;2;;;
Tôlier;Industrie, Maintenance, Energie;1;;;
Trader;Sciences, Maths, Physique, Recherche;2;;;
Traducteur;Langues;5;;;
Traffic manager;Marketing, E-commerce, Publicité;4;;;
Transitaire;Transport, Logistique;1;;;
Trésorier;Audit, Comptabilité, Gestion;3;;;
Une diversité de métiers possibles en fonction des entreprises du territoire;Social, Vie associative;1;;;
Urbaniste;Bâtiment, Travaux publics, Architecture;7;;;
UX Designer;Informatique, Digital, Télécom;6;;;
Valet;Hôtellerie - Restauration;1;;;
Vendeur automobile;Automobile;4;;;
Vendeur d'articles de sport;Commerce, Vente, Distribution;2;;;
Vendeur en animalerie;Commerce, Vente, Distribution;6;;;
Vendeur en magasin;Commerce, Vente, Distribution;18;C;;le RIASEC mineur dépend de la nature du produit vendu
Vendeur en micro-informatique;Informatique, Digital, Télécom;2;;;
Vendeur export;Commerce, Vente, Distribution;2;;;
Vendeuse esthéticienne;Soins esthétiques, Coiffure;1;;;
Verrier;Artisanat d'art;1;;;
Vétérinaire;Animaux;9;R;I;
Visiteur médical;Paramédical;8;;;
Viticulteur;Agriculture, Elevage, Pêche;3;;;
Volontaire en Service Civique;Social, Vie associative;6;;;
Webmarketeur;Marketing, E-commerce, Publicité;6;;;
Webmaster;Informatique, Digital, Télécom;9;I;R;Webmaster dans la communication c’est plutôt  C E
Yield manager;Tourisme, Loisirs;7;;;
